{
  "FLAIR": {
    "vae_reconstruction": {
      "ssim_mean": -0.024029782054632638,
      "ssim_std": 0.008960107121817088,
      "psnr_mean": -0.6953703431210532,
      "psnr_std": 0.34157313147116736
    },
    "generation": {
      "ssim_mean": 0.6572923987168671,
      "ssim_std": 0.04468162001307327,
      "psnr_mean": 16.111705209472017,
      "psnr_std": 1.692013062370137,
      "fid": 147.52624423643363
    }
  },
  "T1ce": {
    "vae_reconstruction": {
      "ssim_mean": 0.050553693254876714,
      "ssim_std": 0.01821575488549021,
      "psnr_mean": 0.916589702758229,
      "psnr_std": 0.9486491689216345
    },
    "generation": {
      "ssim_mean": 0.13768084631247746,
      "ssim_std": 0.07172363926111135,
      "psnr_mean": 11.486462503848447,
      "psnr_std": 1.4454317306412197,
      "fid": 395.3259274458782
    }
  },
  "Kaggle": {
    "vae_reconstruction": {
      "ssim_mean": 0.25341948520982427,
      "ssim_std": 0.09412619311750295,
      "psnr_mean": 5.523362933366431,
      "psnr_std": 1.3663901718366351
    },
    "generation": {
      "ssim_mean": 0.14367196870526316,
      "ssim_std": 0.0494334967142734,
      "psnr_mean": 13.32330897843067,
      "psnr_std": 2.4813088110440833,
      "fid": 317.1674569212823
    }
  }
}