{
  "train_loss": [
    6.354579761624336,
    0.1535528753697872,
    0.11247942700982094,
    0.10014095664024353,
    0.09061525329947472,
    0.0884797990322113,
    0.0857208688557148,
    0.07802421249449253,
    0.0743260319530964,
    0.07290225148200989,
    0.07517179489135742,
    0.07056160919368266,
    0.07013445168733597,
    0.06652991570532323,
    0.06695824712514878,
    0.06571252204477787,
    0.061453468576073644,
    0.05993240244686603,
    0.05838221736252308,
    0.05741839781403542,
    0.05668414689600468,
    0.054563211649656294,
    0.05390625290572643,
    0.053791866526007655,
    0.05222279161214829,
    0.052015389427542684,
    0.05148438446223736,
    0.05038255095481872,
    0.04987954817712307,
    0.04921162314713001,
    0.048619932532310485,
    0.04818505764007568,
    0.04700168937444687,
    0.04709228187799454,
    0.04664734125137329,
    0.04615903064608574,
    0.04564709782600403,
    0.04544545486569405,
    0.04510561317205429,
    0.045036430582404134,
    0.04490992777049541,
    0.04443518467247486,
    0.04465109705924988,
    0.044415942206978795,
    0.04438221849501133,
    0.04433520302176475,
    0.04422505505383015,
    0.044296989813447,
    0.04414751119911671,
    0.044382386580109595
  ],
  "val_loss": [
    1.257221752947027,
    0.2117173346606168,
    0.14669348164038223,
    0.10359424217180772,
    0.10489249872890385,
    0.08569217439402234,
    0.09904772381890904,
    0.08328522166067903,
    0.07209935513409702,
    0.07816262306137518,
    0.07334122637456114,
    0.07043443891135129,
    0.06902392716570334,
    0.061863720417022705,
    0.06138877147300677,
    0.06353380141610449,
    0.05737296153198589,
    0.05951991067691283,
    0.055042873390696266,
    0.06378756903789261,
    0.054797167805108155,
    0.053192796524275436,
    0.052454819564114914,
    0.053682912310416046,
    0.05342434041879394,
    0.05477131208912893,
    0.04971525394781069,
    0.05026239723983136,
    0.04721870857544921,
    0.049178819680078464,
    0.046958246691660446,
    0.04689861613918434,
    0.045996627855029976,
    0.04672051898457787,
    0.048008284785530785,
    0.04529474599456245,
    0.04509826021438295,
    0.044553055173971436,
    0.04433103600008921,
    0.04405593939802863,
    0.044111031107604504,
    0.04360196925699711,
    0.04404174705797976,
    0.04356885676018216,
    0.04355608739636161,
    0.0434857691553506,
    0.04362665125253526,
    0.043509206480600617,
    0.04345335548912937,
    0.04342509873888709
  ],
  "lr": [
    9.990232305719945e-05,
    9.960967771506666e-05,
    9.912321891107009e-05,
    9.844486647586723e-05,
    9.757729755661011e-05,
    9.652393605146844e-05,
    9.528893909706797e-05,
    9.387718066217124e-05,
    9.229423231234974e-05,
    9.054634122155989e-05,
    8.864040551740155e-05,
    8.658394705735986e-05,
    8.438508174347008e-05,
    8.205248749256013e-05,
    7.959536998847742e-05,
    7.702342635146032e-05,
    7.434680686803489e-05,
    7.157607493247108e-05,
    6.872216535789155e-05,
    6.579634122155988e-05,
    6.28101494146603e-05,
    5.9775375071993364e-05,
    5.670399506143306e-05,
    5.3608130716701005e-05,
    5.049999999999999e-05,
    4.7391869283298976e-05,
    4.429600493856693e-05,
    4.122462492800662e-05,
    3.8189850585339674e-05,
    3.5203658778440106e-05,
    3.227783464210844e-05,
    2.942392506752889e-05,
    2.6653193131965075e-05,
    2.3976573648539646e-05,
    2.1404630011522576e-05,
    1.8947512507439848e-05,
    1.66149182565299e-05,
    1.4416052942640132e-05,
    1.235959448259843e-05,
    1.04536587784401e-05,
    8.70576768765026e-06,
    7.122819337828748e-06,
    5.711060902932039e-06,
    4.476063948531555e-06,
    3.4227024433898977e-06,
    2.5551335241327656e-06,
    1.8767810889299075e-06,
    1.3903222849333503e-06,
    1.0976769428005578e-06,
    1.0000000000000002e-06
  ]
}