{
  "train_loss": [
    0.987578718662262,
    0.842993950843811,
    0.627294979095459,
    0.4854679811000824,
    0.4193383598327637,
    0.38596908569335936,
    0.36043479561805725,
    0.33679274916648866,
    0.3350091201066971,
    0.3138518595695496,
    0.29834924936294555,
    0.29745599448680876,
    0.2804686522483826,
    0.28930671691894533,
    0.2755136913061142,
    0.26833214521408083,
    0.2664120239019394,
    0.26357007801532745,
    0.269626350402832,
    0.2649469941854477,
    0.24282859593629838,
    0.24713723987340927,
    0.24824511170387267,
    0.2324357733130455,
    0.23144428968429565,
    0.2277809724211693,
    0.2247870597243309,
    0.2291610673069954,
    0.22305938065052033,
    0.21387295469641684,
    0.20286687210202217,
    0.19988976791501045,
    0.21491370111703872,
    0.2169482246041298,
    0.2023761674761772,
    0.20383854269981383,
    0.21181547671556472,
    0.19192154079675675,
    0.18489030703902246,
    0.18762412697076797
  ],
  "val_loss": [
    0.812471741437912,
    0.5538949370384216,
    0.3723710536956787,
    0.27107664495706557
  ],
  "lr": [
    9.8e-05,
    0.00019800000000000002,
    0.00019998790277431992,
    0.000199975646763916,
    0.00019996331587097347,
    0.0001999508709259549,
    0.00019993827131833204,
    0.0001999254744518066,
    0.000199912435144468,
    0.00019989910495526712,
    0.000199885431414493,
    0.0001998713571309391,
    0.00019985681874171979,
    0.00019984174566167043,
    0.000199826058577109,
    0.00019980966761227822,
    0.00019979247007432123,
    0.00019977434765168988,
    0.00019975516289777337,
    0.00019973475477074698,
    0.0001997129329138025,
    0.00019968947023401063,
    0.00019966409315257786,
    0.0001996364686211456,
    0.00019960618657366276,
    0.00019957273581953258,
    0.00019953547032238838,
    0.00019949356106664735,
    0.00019944592576840491,
    0.00019939112353796492,
    0.00019932719225046022,
    0.00019925138863963502,
    0.00019915975570618282,
    0.00019904636690599837,
    0.00019890192528052684,
    0.00019871096871623893,
    0.00019844574159153726,
    0.00019805094258819932,
    0.00019739827150286668,
    0.00019610664317813085
  ]
}