{
  "train_loss": [
    28.8480371316274,
    0.3575879395008087,
    0.1509052336215973,
    0.11629838744799297,
    0.11095071136951447,
    0.1034448578953743,
    0.09569517274697621,
    0.0913697525858879,
    0.08640736242135366,
    0.08153527826070786,
    0.08045414984226226,
    0.07554746369520823,
    0.0716969832777977,
    0.0699665904045105,
    0.06716402570406596,
    0.06581793675820033,
    0.06430575375755627,
    0.06354677627484004,
    0.06295301467180252,
    0.0627497561275959
  ],
  "val_loss": [
    0.8562138243155046,
    0.2226884053512053,
    0.14955801990899173,
    0.12686843289570374,
    0.12414381382140247,
    0.1084063547578725,
    0.10228178379210559,
    0.09143600274216045,
    0.08550361984155395,
    0.07999899847940965,
    0.08226569843563167,
    0.07268036393956705,
    0.07132513143799522,
    0.068666204132817,
    0.06654391979629343,
    0.06525067460130561,
    0.0644997012886134,
    0.06377623839811845,
    0.06343104605647651,
    0.06328129768371582
  ],
  "lr": [
    9.939057285945933e-05,
    9.757729755661012e-05,
    9.460482294732422e-05,
    9.054634122155992e-05,
    8.550178566873411e-05,
    7.959536998847744e-05,
    7.297252973710758e-05,
    6.579634122155991e-05,
    5.824350601949144e-05,
    5.050000000000001e-05,
    4.275649398050859e-05,
    3.520365877844011e-05,
    2.8027470262892444e-05,
    2.1404630011522593e-05,
    1.5498214331265904e-05,
    1.0453658778440109e-05,
    6.395177052675796e-06,
    3.422702443389901e-06,
    1.6094271405406863e-06,
    1.0000000000000002e-06
  ]
}